<?xml version="1.0" encoding="UTF-8"?>
<beans xmlns="http://www.springframework.org/schema/beans"
       xmlns:xsi="http://www.w3.org/2001/XMLSchema-instance"
       xmlns:context="http://www.springframework.org/schema/context" xmlns:mongo="http://www.springframework.org/schema/data/mongo"
       xsi:schemaLocation="http://www.springframework.org/schema/beans
        http://www.springframework.org/schema/beans/spring-beans.xsd http://www.springframework.org/schema/context http://www.springframework.org/schema/context/spring-context.xsd http://www.springframework.org/schema/data/mongo http://www.springframework.org/schema/data/mongo/spring-mongo.xsd"
>


<bean id="beanPostProcessor" class="com.gysoft.spring.MyBeanPostProcessor"></bean>
<bean id="myBeanFactory" class="com.gysoft.spring.MyBeanFactory"></bean>
    <bean id="instantiationAwareBeanPostProcessor" class="com.gysoft.spring.MyInstantiationAwareBeanPostProcessor">
    </bean>

<!-- mongodb的注入-->
    <context:component-scan base-package="com.gysoft" />
    <!-- 获取配置资源 -->
    <context:property-placeholder location="classpath:mongodb.properties" />

    <mongo:mongo id="mongo" host="${mongo.host}" port="${mongo.port}" >
        <mongo:options
                connections-per-host="${mongo.connectionsPerHost}"
                threads-allowed-to-block-for-connection-multiplier="${mongo.threadsAllowedToBlockForConnectionMultiplier}"
                connect-timeout="${mongo.connectTimeout}"
                max-wait-time="${mongo.maxWaitTime}"
                auto-connect-retry="${mongo.autoConnectRetry}"
                socket-keep-alive="${mongo.socketKeepAlive}"
                socket-timeout="${mongo.socketTimeout}"
                slave-ok="${mongo.slaveOk}"
                write-number="1"
                write-timeout="0" write-fsync="true"/>
    </mongo:mongo>
    <!-- 设置使用的数据库 名-->
    <mongo:db-factory dbname="test01" mongo-ref="mongo"/>
    <!-- mongodb的模板 -->
    <bean id="mongoTemplate" class="org.springframework.data.mongodb.core.MongoTemplate">
        <constructor-arg name="mongoDbFactory" ref="mongoDbFactory"/>
    </bean>
</beans>