<?xml version="1.0" encoding="UTF-8"?>
<beans xmlns="http://www.springframework.org/schema/beans"
       xmlns:xsi="http://www.w3.org/2001/XMLSchema-instance"
       xmlns:context="http://www.springframework.org/schema/context"
       xsi:schemaLocation="http://www.springframework.org/schema/beans
        http://www.springframework.org/schema/beans/spring-beans.xsd http://www.springframework.org/schema/context http://www.springframework.org/schema/context/spring-context.xsd"
>
    <context:component-scan base-package="com.gysoft.spring.dao" />
    <bean id="dataSource" class="org.springframework.jdbc.datasource.DriverManagerDataSource">
        <property name="driverClassName" value="com.mysql.jdbc.Driver"></property>
        <property name="url" value="jdbc:mysql:///test"></property>
        <property name="username" value="root"></property>
        <property name="password" value="123456"></property>
    </bean>
    <bean id="jdbcTemplate" name="jdbcTemplate" class="org.springframework.jdbc.core.JdbcTemplate">
        <property name="dataSource" ref="dataSource"></property>
    </bean>


    <bean id="userDao" name="userDAO" class="com.gysoft.spring.dao.impl.UserDAOImpl">
        <property name="jdbcTemplate" ref="jdbcTemplate"></property>
    </bean>



</beans>